{"cameraMode":{"drawMode":0,"name":"Shaded","section":"Shading Mode"},"sceneLighting":false,"audioPlay":false,"sceneViewState":{"showFog":true,"showMaterialUpdate":false,"showSkybox":true,"showFlares":true,"showImageEffects":true,"showParticleSystems":true},"in2DMode":false,"pivot":{"x":-4.322873115539551,"y":-3.284156084060669,"z":-2.9788780212402345},"rotation":{"x":-0.12222246825695038,"y":0.8769821524620056,"z":-0.3080613613128662,"w":-0.34794020652770998},"size":13.66117000579834,"orthographic":false}